/* Partie 1 */
CREATE TABLESPACE Abbad_tbs DATAFILE '/home/hamza/Documents/Study/M1/S1/ASGBD/TP/Abbad_tbs.dat' SIZE 5M AUTOEXTEND ON ONLINE;
CREATE TEMPORARY TABLESPACE Abbad_temp_tbs TEMPFILE '/home/hamza/Documents/Study/M1/S1/ASGBD/TP/Abbad_tbs_temp.dat' SIZE 5M AUTOEXTEND ON;
CREATE USER Abbad IDENTIFIED BY AZERTY DEFAULT TABLESPACE Abbad_tbs TEMPORARY TABLESPACE Abbad_temp_tbs;
GRANT ALL PRIVILEGES TO Abbad;

/* Partie 2 */

/* Question 5 */
/* Creation des tables */
CREATE TABLE SERVICE(
CODE_SERVICE NCHAR(3), /* Une chaine de 3 caracteres */
NOM_SERVICE NVARCHAR2(100), /* Une chaine de caracteres de taille variable (max = 100) */
BATIMENT NCHAR, /* Caractere */
DIRECTEUR NUMBER(4,0) /* Un entier de 4 positions */
);

CREATE TABLE CHAMBRE(
CODE_SERVICE NCHAR(3),
NUM_CHAMBRE  NUMBER(3,0),
SURVEILLANT NUMBER(4,0),
NB_LITS NUMBER(2,0)
);

CREATE TABLE EMPLOYE(
NUM_EMP NUMBER(4,0),
NOM_EMP NVARCHAR2(50),
PRENOM_EMP NVARCHAR2(50),
ADRESSE_EMP NVARCHAR2(150),
TEL_EMP NUMBER(10,0)
);

CREATE TABLE MEDECIN(
NUM_MED NUMBER(4,0),
SPECIALITE NVARCHAR2(13) /* Taille maximale de la specialite */
);

CREATE TABLE INFIRMIER(
NUM_INF NUMBER(4,0),
CODE_SERVICE NCHAR(3),
ROTATION NCHAR(4), /* JOUR ou NUIT */
SALAIRE NUMBER(10,2)
);

CREATE TABLE PATIENT(
NUM_PATIENT NUMBER(4,0),
NOM_PATIENT NVARCHAR2(50),
PRENOM_PATIENT NVARCHAR2(50),
ADRESSE_PATIENT NVARCHAR2(150),
TEL_PATIENT NUMBER(10,0),
MUTUELLE NVARCHAR2(10)
);

CREATE TABLE HOSPITALISATION(
NUM_PATIENT NUMBER(4,0),
CODE_SERVICE NCHAR(3),
NUM_CHAMBRE  NUMBER(3,0),
LIT NUMBER(2,0)
);

CREATE TABLE SOIGNE(
NUM_PATIENT NUMBER(4,0),
NUM_MED NUMBER(4,0)
);

/* Ajout des contraintes */

/* Les cles primaires et les champs uniques */
ALTER TABLE SERVICE ADD CONSTRAINT PK_SERVICE PRIMARY KEY(CODE_SERVICE);
ALTER TABLE SERVICE ADD CONSTRAINT U_NOM_SERVICE UNIQUE(NOM_SERVICE);
ALTER TABLE CHAMBRE ADD CONSTRAINT PK_CHAMBRE PRIMARY KEY(CODE_SERVICE, NUM_CHAMBRE);
ALTER TABLE EMPLOYE ADD CONSTRAINT PK_EMPLOYE PRIMARY KEY(NUM_EMP);
ALTER TABLE MEDECIN ADD CONSTRAINT PK_MEDECIN PRIMARY KEY(NUM_MED);
ALTER TABLE INFIRMIER ADD CONSTRAINT PK_INFIRMIER PRIMARY KEY(NUM_INF);
ALTER TABLE PATIENT ADD CONSTRAINT PK_PATIENT PRIMARY KEY(NUM_PATIENT);
ALTER TABLE HOSPITALISATION ADD CONSTRAINT PK_HOSPITALISATION PRIMARY KEY(NUM_PATIENT);
-- ALTER TABLE HOSPITALISATION ADD CONSTRAINT U_LIT UNIQUE(LIT);
ALTER TABLE SOIGNE ADD CONSTRAINT PK_SOIGNE PRIMARY KEY(NUM_PATIENT, NUM_MED);
/* Les cles etrangeres */
ALTER TABLE SERVICE ADD CONSTRAINT FK_DIRECTEUR FOREIGN KEY(DIRECTEUR) REFERENCES MEDECIN(NUM_MED) ON DELETE SET NULL;
ALTER TABLE CHAMBRE ADD CONSTRAINT FK_SURVEILLANT FOREIGN KEY(SURVEILLANT) REFERENCES INFIRMIER(NUM_INF) ON DELETE SET NULL;
ALTER TABLE MEDECIN ADD CONSTRAINT FK_NUM_MED FOREIGN KEY(NUM_MED) REFERENCES EMPLOYE(NUM_EMP) ON DELETE SET NULL;
ALTER TABLE INFIRMIER ADD CONSTRAINT FK_NUM_INF FOREIGN KEY(NUM_INF) REFERENCES EMPLOYE(NUM_EMP) ON DELETE SET NULL;
ALTER TABLE INFIRMIER ADD CONSTRAINT FK_CODE_SERVICE FOREIGN KEY(CODE_SERVICE) REFERENCES SERVICE(CODE_SERVICE) ON DELETE SET NULL;
ALTER TABLE HOSPITALISATION ADD CONSTRAINT FK_NUM_PATIENT FOREIGN KEY(NUM_PATIENT) REFERENCES PATIENT(NUM_PATIENT) ON DELETE SET NULL;
ALTER TABLE HOSPITALISATION ADD CONSTRAINT FK_CODE_SERVICE_H FOREIGN KEY(CODE_SERVICE) REFERENCES SERVICE(CODE_SERVICE) ON DELETE SET NULL;
ALTER TABLE HOSPITALISATION ADD CONSTRAINT FK_CS_NC FOREIGN KEY(CODE_SERVICE,NUM_CHAMBRE) REFERENCES CHAMBRE(CODE_SERVICE,NUM_CHAMBRE) ON DELETE SET NULL;
/* Les verifications */
ALTER TABLE MEDECIN ADD CONSTRAINT CHK_SPECIALITE CHECK(SPECIALITE IN ('Orthopediste', 'Cardiologue', 'Traumatologue', 'Anesthesiste', 'Pneumologue', 'Radiologue'));
ALTER TABLE INFIRMIER ADD CONSTRAINT CHK_ROTATION CHECK(ROTATION IN ('JOUR', 'NUIT'));

/* Question 6 */
ALTER TABLE HOSPITALISATION ADD (DATE_HOST DATE);

/* Question 7 */
ALTER TABLE INFIRMIER MODIFY SALAIRE NOT NULL;
ALTER TABLE PATIENT MODIFY MUTUELLE NOT NULL;

/* Question 8 */
ALTER TABLE PATIENT MODIFY PRENOM_PATIENT NVARCHAR2(75);
ALTER TABLE PATIENT MODIFY PRENOM_PATIENT NVARCHAR2(50);

/* Question 9 */
ALTER TABLE EMPLOYE DROP COLUMN TEL_EMP;
DESC EMPLOYE;
ALTER TABLE EMPLOYE ADD TEL_EMP NUMBER(10,0);

/* Question 10 */
ALTER TABLE PATIENT RENAME COLUMN ADRESSE_PATIENT TO adr_pat;
DESC PATIENT;

/* Question 11 */
ALTER TABLE INFIRMIER ADD CONSTRAINT CHK_SALAIRE CHECK(SALAIRE BETWEEN 10000 AND 30000);

/* Question 12 */
ALTER TABLE MEDECIN MODIFY SPECIALITE NOT NULL;

/* Question 13 */
INSERT INTO EMPLOYE VALUES (4,'BOUROUBI','Taous','Lotissement Dauphin n° 30 DRARIA / ALGER','021356085');
INSERT INTO EMPLOYE VALUES (7,'BOUZIDI','AMEL','En face brigade gendarmerie-Douera-Alger','0556863528');
INSERT INTO EMPLOYE VALUES (8,'LACHEMI','Bouzid','140, Av Ali Khoudja-El Biar-Alger','021928568');
INSERT INTO EMPLOYE VALUES (10,'BOUCHEMLA','Elias','6, hai sidi serhane -Khemis El Khechna-Boumerdes','024873549');
INSERT INTO EMPLOYE VALUES (12,'HADJ','Zouhir','Cité de la Mosquée Bt 14-Boufarik-Blida','025474882');
INSERT INTO EMPLOYE VALUES (15,'OUSSEDIK','Hakim','152, rue Hassiba Ben Bouali 1er étage -Hamma-Alger','021653445');
INSERT INTO EMPLOYE VALUES (19,'AAKOUB','Fatiha','Boulvard Colonel Amirouche-Sfissef-Sidi Bel Abbas','048595512');
INSERT INTO EMPLOYE VALUES (22,'ABAD','Abdelhamid','8 Cours Aissat Idir-El Harrach-Alger','021524587');
INSERT INTO EMPLOYE VALUES (24,'ABADA','Mohamed','2 rue de lAbreuvoir-Alger','021737000');
INSERT INTO EMPLOYE VALUES (25,'ABAYAHIA','Abdelkader','53 rue de la gare routière-Douera-Alger','021416455');
INSERT INTO EMPLOYE VALUES (26,'ABBACI','Abdelmadjid','14 rue Ouabdelkader-Bejaia','034201409');
INSERT INTO EMPLOYE VALUES (27,'ABBAS','Samira','22 rue ahmaed aoune el harrach-alger','0664027500');
INSERT INTO EMPLOYE VALUES (29,'ABBOU','Mohamed','RUE CHEIKH BOUAAMAMA 45000-Naama','049796574');
INSERT INTO EMPLOYE VALUES (31,'ABDELAZIZ','Ahmed','43 avenue du 1er novembre-Ghardaia','029892979');
INSERT INTO EMPLOYE VALUES (34,'ABDELMOUMEN','Nassima','Cité Kharoubi Bt. 18-Médéa','025584204');
INSERT INTO EMPLOYE VALUES (45,'ABDELOUAHAB','OUAHIBA','cité des vieux moulins BEO-Bab El Oued-Alger','021967015');
INSERT INTO EMPLOYE VALUES (49,'ABDEMEZIANE','Madjid','Avenue Abane Ramdane, Larbaa Nath Iraten-Tizi Ouzou','026261311');
INSERT INTO EMPLOYE VALUES (50,'ABERKANE','Aicha','Cité des 300 logts N°10-Bab Ezzouar-Alger','021248345');
INSERT INTO EMPLOYE VALUES (53,'AZOUG','Dalila','64 rue de Tripoli-Hussein Dey-Alger','021771170');
INSERT INTO EMPLOYE VALUES (54,'BENOUADAH','Mohammed','26, boulevard Said Touati-Beb el oued-ALGER','021962035');
INSERT INTO EMPLOYE VALUES (57,'ACHAIBOU','Rachid','Rue colonel Zamoum ali-Tizi Ouzou','026211639');
INSERT INTO EMPLOYE VALUES (64,'ADDAD','Fadila','9 cite el hana-Oum El Bouaghi-Alger','032421633');
INSERT INTO EMPLOYE VALUES (71,'AGGOUN','Khadidja','20 rue Mohamed Ben Mohamed-Béchar','049800695');
INSERT INTO EMPLOYE VALUES (73,'AISSAT','Salima','Cité 350 lgts. Bt. 12 n° 2-Boumerdes','024819915');
INSERT INTO EMPLOYE VALUES (80,'AMARA','Dahbia','Nouvelle villa n°27-Hammedi-Boumerdes','024860591');
INSERT INTO EMPLOYE VALUES (82,'AROUEL','Leila','cite frères SADANE bt 34a-Guelma','037205906');
INSERT INTO EMPLOYE VALUES (85,'BAALI','Souad','3 rue Aissani Said-Guelma','037264734');
INSERT INTO EMPLOYE VALUES (86,'BABACI','Mourad','Cité Mohamed Boudiaf bt 04 n° 72-Djelfa','027875147');
INSERT INTO EMPLOYE VALUES (88,'BACHA','Nadia','Cité des 200 logts Bt f n° A-Ouled Yaich-Blida','025436875');
INSERT INTO EMPLOYE VALUES (89,'BAHBOUH','Naima','Cité bonne fontaine-CHERAGA-ALGER','0773298155');
INSERT INTO EMPLOYE VALUES (95,'BADI','Hatem','Secteur sanitaire Hassi messaoud 30500-Ouargla','029737052');
INSERT INTO EMPLOYE VALUES (97,'BAKIR','ADEL','COGRAL 1 RUE DE GAO NOUVEAU PORT-Alger','0555037013');
INSERT INTO EMPLOYE VALUES (98,'BALI','Malika','Cité HLM, Ain Mlila-Oum El Bouaghi' ,'032449120');
INSERT INTO EMPLOYE VALUES (99,'BASSI','Fatima','Cité du 5 juillet bloc 130-Mostaganem','045217227');
INSERT INTO EMPLOYE VALUES (113,'BEHADI','Youcef','9 rue B Koucha-Bordj Bou Arreridj','035681165');
INSERT INTO EMPLOYE VALUES (114,'BEKKAT','Hadia','Bd colonele amirouche-Baba Hassen-Alger','021481514');
INSERT INTO EMPLOYE VALUES (116,'BELABES','Abdelkader','Cité nouvelle Mosquée-Djelfa','027877777');
INSERT INTO EMPLOYE VALUES (122,'BELAKERMI','Mohammed','Rue de Palestine Sidi Bel Abbes','048544923');
INSERT INTO EMPLOYE VALUES (126,'BELGHALI','Mohammed','100 rue Maski Mhamed-Tipaza','024496636');
INSERT INTO EMPLOYE VALUES (127,'BELHAMIDI','Mustapha','Route de Saida-Sidi Bel Abbes','048560678');
INSERT INTO EMPLOYE VALUES (130,'BELKACEMI','Hocine','Medouha tizi-ouzou','026889885');
INSERT INTO EMPLOYE VALUES (131,'BELKOUT','Tayeb','09, rue Alphonse Daudet les Sources-Bir Mourad RaïsAlger','021448066');
INSERT INTO EMPLOYE VALUES (135,'RAHALI','Ahcene','105, Lot Oued Tarfa-Draria-ALGER','0557705901');
INSERT INTO EMPLOYE VALUES (139,'FERAOUN','Houria','batiment A, n°11, cité El khelloua-Bologhine-Alger','021954629');
INSERT INTO EMPLOYE VALUES (140,'TERKI','Amina','17 Rue Mohammed CHABANI-Alger Centre-Alger','021235894');
INSERT INTO EMPLOYE VALUES (141,'CHAOUI','Farid','13, rue khawarismi-Kouba-Alger','021234163');
INSERT INTO EMPLOYE VALUES (144,'BENDALI','Hacine','Cité Sonelgaz N° 31-Ben Aknoun-Alger','0663163973');
INSERT INTO EMPLOYE VALUES (151,'CHAKER','Nadia','Cité CNEP Bt 16 Bouzareah-Alger','0551688473');
INSERT INTO EMPLOYE VALUES (152,'BOULARAS','Fatima','21, rue Ferhat Boussaad-Alger','021237998');
INSERT INTO EMPLOYE VALUES (155,'IGOUDJIL','Redouane','Les Vergers Bir mourad rais-Alger','0552637888');
INSERT INTO EMPLOYE VALUES (162,'GHEZALI','Lakhdar','cité des 62 logts-staoueli-Alger','021391333');
INSERT INTO EMPLOYE VALUES (163,'KOULA','Brahim','Cité Ali Sadek N° 59 (SNTP) HAMIZ-Dar El Beida-Alger','020406207');
INSERT INTO EMPLOYE VALUES (169,'BELAID','Layachi','Annaba centre-Annaba','0772452613');
INSERT INTO EMPLOYE VALUES (176,'CHALABI','Mourad','14,Route Nationale Hassi Bounif ORAN','041275151');
INSERT INTO EMPLOYE VALUES (179,'MOHAMMEDI','Mustapha','42 Ber El-Djir-Oran','0771255642');
INSERT INTO EMPLOYE VALUES (180,'FEKAR','Abdelaziz','Cité Garidi 1 Bt 38, N° 9-Kouba-Alger','021687563');
INSERT INTO EMPLOYE VALUES (189,'SAIDOUNI','Wafa','Cité le sahel Bt A 11 Air de France-Bouzareah-Alger','021943031');
INSERT INTO EMPLOYE VALUES (194,'Yalaoui','Lamia','Lot C N° 99 Draria-Draria-Alger','020373667');
INSERT INTO EMPLOYE VALUES (195,'AYATA','Samia','76, Rue Ali Remli-Bouzareah-Alger','021930764');
INSERT INTO EMPLOYE VALUES (196,'TEBIBEL','Nabila','33, rue du Hoggar-Hydra-Alger','021604840');

INSERT INTO MEDECIN VALUES (4,'Orthopédiste');
INSERT INTO MEDECIN VALUES (7,'Cardiologue');
INSERT INTO MEDECIN VALUES (8,'Cardiologue');
INSERT INTO MEDECIN VALUES (10,'Cardiologue');
INSERT INTO MEDECIN VALUES (19,'Traumatologue');
INSERT INTO MEDECIN VALUES (24,'Orthopédiste');
INSERT INTO MEDECIN VALUES (26,'Orthopédiste');
INSERT INTO MEDECIN VALUES (27,'Orthopédiste');
INSERT INTO MEDECIN VALUES (31,'Anesthésiste');
INSERT INTO MEDECIN VALUES (34,'Pneumologue');
INSERT INTO MEDECIN VALUES (50,'Pneumologue');
INSERT INTO MEDECIN VALUES (52,'Traumatologue');
INSERT INTO MEDECIN VALUES (54,'Pneumologue');
INSERT INTO MEDECIN VALUES (64,'Radiologue');
INSERT INTO MEDECIN VALUES (80,'Cardiologue');
INSERT INTO MEDECIN VALUES (82,'Orthopédiste');
INSERT INTO MEDECIN VALUES (85,'Anesthésiste');
INSERT INTO MEDECIN VALUES (88,'Cardiologue');
INSERT INTO MEDECIN VALUES (89,'Radiologue');
INSERT INTO MEDECIN VALUES (99,'Anesthésiste');
INSERT INTO MEDECIN VALUES (113,'Pneumologue');
INSERT INTO MEDECIN VALUES (114,'Traumatologue');
INSERT INTO MEDECIN VALUES (122,'Pneumologue');
INSERT INTO MEDECIN VALUES (126,'Radiologue');
INSERT INTO MEDECIN VALUES (135,'Anesthésiste');
INSERT INTO MEDECIN VALUES (140,'Cardiologue');
INSERT INTO MEDECIN VALUES (141,'Traumatologue');
INSERT INTO MEDECIN VALUES (144,'Radiologue');
INSERT INTO MEDECIN VALUES (152,'Cardiologue');
INSERT INTO MEDECIN VALUES (179,'Anesthésiste');
INSERT INTO MEDECIN VALUES (180,'Cardiologue');
INSERT INTO MEDECIN VALUES (196,'Traumatologue');

INSERT INTO SERVICE VALUES ('CAR','Cardiologie','B',80);
INSERT INTO SERVICE VALUES ('CHG','Chirurgie générale','A',34);
INSERT INTO SERVICE VALUES ('REA','Réanimation et Traumatologie','A',19);

INSERT INTO INFIRMIER VALUES (12, 'REA','JOUR', 12560.78);
INSERT INTO INFIRMIER VALUES (15, 'CHG','JOUR', 11780.48);
INSERT INTO INFIRMIER VALUES (22,'REA','JOUR',14980.21);
INSERT INTO INFIRMIER VALUES (25,'CAR','JOUR',15741.25);
INSERT INTO INFIRMIER VALUES (29,'CHG','JOUR',13582.45);
INSERT INTO INFIRMIER VALUES (45,'CAR','JOUR',14653.25);
INSERT INTO INFIRMIER VALUES (49,'REA','JOUR',12565.78);
INSERT INTO INFIRMIER VALUES (57,'CHG','JOUR',17654.21);
INSERT INTO INFIRMIER VALUES (71,'CAR','NUIT',13357.86);
INSERT INTO INFIRMIER VALUES (73,'REA','NUIT',14738.29);
INSERT INTO INFIRMIER VALUES (86,'CHG','JOUR',11785.48);
INSERT INTO INFIRMIER VALUES (95,'CAR','NUIT',19470.61);
INSERT INTO INFIRMIER VALUES (97,'CHG','NUIT',11840.26);
INSERT INTO INFIRMIER VALUES (98,'CAR','JOUR',14984.21);
INSERT INTO INFIRMIER VALUES (116,'REA','JOUR',15747.25);
INSERT INTO INFIRMIER VALUES (127,'REA','NUIT',12657.38);
INSERT INTO INFIRMIER VALUES (130,'CHG','JOUR',13548.45);
INSERT INTO INFIRMIER VALUES (131,'CAR','JOUR',14655.25);
INSERT INTO INFIRMIER VALUES (139,'CHG','NUIT',20374.82);
INSERT INTO INFIRMIER VALUES (151,'CHG','JOUR',17685.21);
INSERT INTO INFIRMIER VALUES (155,'CHG','NUIT',13335.86);
INSERT INTO INFIRMIER VALUES (162,'CHG','NUIT',13841.29);
INSERT INTO INFIRMIER VALUES (163,'CAR','NUIT',14738.29);
INSERT INTO INFIRMIER VALUES (169,'CAR','NUIT',12947.61);
INSERT INTO INFIRMIER VALUES (176,'CHG','NUIT',12184.26);
INSERT INTO INFIRMIER VALUES (189,'REA','NUIT',13267.38);
INSERT INTO INFIRMIER VALUES (194,'CHG','NUIT',22034.82);
INSERT INTO INFIRMIER VALUES (195,'CHG','NUIT',12381.29);

INSERT INTO CHAMBRE VALUES ('CAR',101,95,3);
INSERT INTO CHAMBRE VALUES ('CAR',102,95,2);
INSERT INTO CHAMBRE VALUES ('CAR',103,95,1);
INSERT INTO CHAMBRE VALUES ('CAR',104,169,3);
INSERT INTO CHAMBRE VALUES ('CAR',105,169,2);
INSERT INTO CHAMBRE VALUES ('CAR',106,169,1);
INSERT INTO CHAMBRE VALUES ('CHG',201,29,4);
INSERT INTO CHAMBRE VALUES ('CHG',202,29,4);
INSERT INTO CHAMBRE VALUES ('CHG',301,57,2);
INSERT INTO CHAMBRE VALUES ('CHG',302,57,2);
INSERT INTO CHAMBRE VALUES ('CHG',303,57,1);
INSERT INTO CHAMBRE VALUES ('CHG',401,130,4);
INSERT INTO CHAMBRE VALUES ('CHG',402,130,4);
INSERT INTO CHAMBRE VALUES ('CHG',403,151,2);
INSERT INTO CHAMBRE VALUES ('CHG',404,151,2);
INSERT INTO CHAMBRE VALUES ('CHG',405,151,1);
INSERT INTO CHAMBRE VALUES ('REA',101,12,1);
INSERT INTO CHAMBRE VALUES ('REA',102,12,1);
INSERT INTO CHAMBRE VALUES ('REA',103,22,2);
INSERT INTO CHAMBRE VALUES ('REA',104,22,2);
INSERT INTO CHAMBRE VALUES ('REA',105,49,2);
INSERT INTO CHAMBRE VALUES ('REA',109,49,1);
INSERT INTO CHAMBRE VALUES ('REA',107,49,2);
INSERT INTO CHAMBRE VALUES ('REA',108,116,2);

INSERT INTO PATIENT VALUES (1,'GRIGAHCINE','Nacer','95, Bd Bougara-El biar-Alger','021920313','MNAM');
INSERT INTO PATIENT VALUES (3,'ABADA','ABDELHAMID','Rue Des Freres Bouchama Bt A Bloc F N 138-Constantine','031944128','LMDE');
INSERT INTO PATIENT VALUES (6,'ABERKANE','Aboukhallil','CITE 500 LOGTS BT 29 N 02 KHROUB- Constantine','031963658','MNH');
INSERT INTO PATIENT VALUES (13,'MAHBOUBA','Cherifa','CITE 1013 LOGTS BT 61 KHROUB- Constantine','031966095','MAAF');
INSERT INTO PATIENT VALUES (14,'ACHEUK','Youcef','Rue Des Freres Khaznadar Bt N 28- Constantine','031964664','MGEN');
INSERT INTO PATIENT VALUES (21,'ACHOUR','Fadila','CITE 1650 LOGTS BT F8 N 71 AIN SMARA- Constantine','031974253','MMA');
INSERT INTO PATIENT VALUES (23,'AKROUM','Mohammed','Cité Aïssa Harièche, Bâtiment B, n° 12 18000 – Jijel','034497088','CNAMTS');
INSERT INTO PATIENT VALUES (33,'ADJALI','Temim','lot 212 villa n 52 ain smara- Constantine','031974214','CCVRP');
INSERT INTO PATIENT VALUES (35,'HADJ','Haroun','avenue 1er novembre 54-Sétif','036834401','MNFTC');
INSERT INTO PATIENT VALUES (36,'LATRI','Cherifa','cite 600 logts bt a10 n66-Sétif','036512093','MAS');
INSERT INTO PATIENT VALUES (37,'SEDDIK','AMEUR Moussa','cite belkhired hacene bt d39 n°593-Sétif','036722343','AG2R');
INSERT INTO PATIENT VALUES (41,'ZENTOUT','Nazih','47,Rue des Frere Niati– Plateaux – Oran','041400805','MGSP');
INSERT INTO PATIENT VALUES (43,'CHALABI','Mirali','24 rue Larbi Ben Mhidi – 0ran','041292275','MNAM');
INSERT INTO PATIENT VALUES (44,'BOUABDALLAH','Reda','7è rue n° 394 Tourville – Arzew – W.Oran','0770920566','LMDE');
INSERT INTO PATIENT VALUES (46,'BESALAH','Kaddour','112, coop de 18 fevrier -St hubert – Oran','041343241','MNH');
INSERT INTO PATIENT VALUES (52,'BOUDJELAL','Salim','15, Rue Miloud Benhaddou– Plateaux – Oran','041407746','MAAF');
INSERT INTO PATIENT VALUES (55,'AMARA','Med Sofiane','CITE DAKSI BT 09 N 03 CONSTANTINE','031637827','MGEN');
INSERT INTO PATIENT VALUES (56,'AMROUNE','Ahmed Lamine','04 RUE MICHELET CONSTANTINE','031923090','MMA');
INSERT INTO PATIENT VALUES (60,'AZZI','Kamel','RUE ABANE RAMDANE N 13 CONSTANTINE','031911002','CNAMTS');
INSERT INTO PATIENT VALUES (61,'BACHTARZI','Faycal','7, RUE BENMELIEK (EX RUE PINGET) CONSTANTINE','031912244','CCVRP');
INSERT INTO PATIENT VALUES (63,'BOUZIDI','kamal','79 RUE BELOUIZDAD BELCOURT-Alger','021650220','MNFTC');
INSERT INTO PATIENT VALUES (65,'MAICH','Sid-Ali','87, avenue Ali Khodja-El Biar-Alger','021925219','MAS');
INSERT INTO PATIENT VALUES (66,'HAFIZ','Mahmoud','01,lot Houari Boumediènne .SIDI MOUSSA -Alger','0770360116','AG2R');
INSERT INTO PATIENT VALUES (67,'OUGHANEM','Mohamed','Diar Es Saada, Bt T, N°2; El Madania, Alger','021279526','MGSP');
INSERT INTO PATIENT VALUES (68, 'SERIR', 'Mustapha', '2, rue ait Boudjemaa- Chéraga-Alger' , '021361688', 'MNAM');
INSERT INTO PATIENT VALUES (70,'ZEGGAI','Abdelkader','219 route Ain Elbordj Tissemssilt 38000-Tissemsilt','046496134','LMDE');
INSERT INTO PATIENT VALUES (72,'TAHMI','Lamia','CITE BACHEDJARAH BATIMENT 38 -Bach Djerrah-Alger','021261446','MNH');
INSERT INTO PATIENT VALUES (74,'DIAF','AMROUNI','Ghania 43, rue Abderrahmane Sbaa Belle vue-El Harrach-Alger','021526166','MAAF');
INSERT INTO PATIENT VALUES (75,'MELEK','Chahinaz','HLM Aissat idir cage 9 3ème etage-El Harrach-Alger','021828898','MGEN');
INSERT INTO PATIENT VALUES (76,'TECHTACHE','Noura','16, route el djamila-Ain Benian-Alger','021306517','MMA');
INSERT INTO PATIENT VALUES (77,'TOUATI','Widad','14 Rue des frères aoudia-El Mouradia-Alger','021690000','CNAMTS');
INSERT INTO PATIENT VALUES (78,'MAIDAT','Yassine','cité soumam Bt B1 n° 6-Boufarik-Blida','025473974','CCVRP');
INSERT INTO PATIENT VALUES (79,'CHERIF','Nassim','Avenue hanafi hadjress-Beni Messous-Alger','0550084741','MNFTC');
INSERT INTO PATIENT VALUES (81,'YOUSFI','Mohamed','Résidence Familiale-Hussein Dey-Alger','021479918','MAS');
INSERT INTO PATIENT VALUES (90,'YASRI','Hocine','6 rue med Fellah Kouba-Alger','021286589','AG2R');
INSERT INTO PATIENT VALUES (91,'BAKIR','Adel','Cogral 1 rue de gao nouveau port alger','0555037013','MGSP');
INSERT INTO PATIENT VALUES (92,'ABLOUL','Faiza','Cité diplomatique Bt Bleu 14B n°3 Dérgana- Alger','021217888','MNAM');
INSERT INTO PATIENT VALUES (100,'HORRA','Assia','32 rue Ahmed Ouaked-Dely Brahim-Alger','021919105','LMDE');
INSERT INTO PATIENT VALUES (101,'MESBAH','Souad','Résidence Chabani-Hydra-Alger','021602311','MNH');
INSERT INTO PATIENT VALUES (102,'LAAOUAR','Ali','CITÉ 1ER MAI EX 137 LOGEMENTS-Adrar','049963143','MAAF');
INSERT INTO PATIENT VALUES (103,'DRIZI','Djamel','36 hai salem. 2000-Chlef','027722020','MNAM');
INSERT INTO PATIENT VALUES (104,'HADJADJ','Boumediene','EPSP ksar el hirane LAGHOUAT','0661646970','LMDE');
INSERT INTO PATIENT VALUES (105,'GROUDA','Houda','EPSP thniet elabed batna','0773516149','MNH');
INSERT INTO PATIENT VALUES (107,'MEDJAHED','Ahmed','CITE el naaser-Ain Touta-Batna','033835858','MAAF');
INSERT INTO PATIENT VALUES (108,'IDJAAD','Mohand','504 logts bt 07-Akbou-Bejaia','034353567','MGEN');
INSERT INTO PATIENT VALUES (109,'KACI','Ali','08 Rue SEFACENE Ahmed-El-Kseur-Bejaia','034252429','MMA');
INSERT INTO PATIENT VALUES (117,'KECIR','Laziz','av hassiba benbouali-Béjaïa','034217564','CNAMTS');
INSERT INTO PATIENT VALUES (119,'FENNICHE','Saida','cite de lindépendance larbaa blida','025466475','CCVRP');
INSERT INTO PATIENT VALUES (120,'KOUBA','Mohamed','CENTRE BENCHAABANE-Ben Khellil-Blida','025470276','MNFTC');
INSERT INTO PATIENT VALUES (121,'AOUIZ','Messoud','Rue Saidani Abdesslam -Ain Bessem-Bouira','026974956','MAS');
INSERT INTO PATIENT VALUES (123,'OUADAHI','Djaffar','rue amar makhlouf mchedallah bouira','0554180643','AG2R');
INSERT INTO PATIENT VALUES (128,'TOUMI','Ahmed','cite 5 juillet BP n° 294-In Salah-Tamanrasset','029360311','MNAM');
INSERT INTO PATIENT VALUES (133,'TRAD','Abd elkader','El Ogla el Malha-Tébessa','037447300','LMDE');
INSERT INTO PATIENT VALUES (137,'SAADI','Med Tayeb','route strategique 12000-Tébessa','037481154','MNH');
INSERT INTO PATIENT VALUES (138,'HALFAOUI','Redouane','Aderb krima rue des frères benchekra-Tlemcen','0779719617','MAAF');
INSERT INTO PATIENT VALUES (145,'KEDJNANE','Brahim','cité des 48 lgts-Sougueur-Tiaret','0663125949','MGEN');
INSERT INTO PATIENT VALUES (146,'FADEL','Abderahmane','Cité Rousseau Bt D-Tiaret','046451212','MMA');
INSERT INTO PATIENT VALUES (147,'BENNABI','Ahmed','cité 120 logts bt C n° 11. 15600-Tigzirt-Tizi Ouzou','026258494','CNAMTS');
INSERT INTO PATIENT VALUES (148,'AKIL','Farid','3 rue Larbi Ben Mhidi-Draa El Mizan-Tizi Ouzou','026234316','CCVRP');
INSERT INTO PATIENT VALUES (149,'DIAF','Ali','Rue Ali Abdelmoumen-Tigzirt-Tizi Ouzou','026259630','MNFTC');
INSERT INTO PATIENT VALUES (153,'CHERFI','Rabah','Hassi Bahbah-Hassi Bahbah-Djelfa','027863306','MAS');
INSERT INTO PATIENT VALUES (154,'RABOUZI','Mohamed','Cité Mohamed Chaounan bloc 831-02-Djelfa','0665781440','AG2R');
INSERT INTO PATIENT VALUES (158,'HMIA','Seddik','25 rue Ben Yahiya-Jijel','034472300','MGSP');
INSERT INTO PATIENT VALUES (159,'MERABET','Ourida','19 Av. Ben Yahiya-Jijel','034472300','MNAM');
INSERT INTO PATIENT VALUES (164,'OUALI','Samia','cité 200 logements bt1 n°1-Jijel','034501028','LMDE');
INSERT INTO PATIENT VALUES (166,'HADDAD','Fatiha','rue boufada lakhdarat-Ain Oulmène-Setif','036720221','MNH');
INSERT INTO PATIENT VALUES (167,'MATI','Djamel','Draa kebila hammam guergour sétif','0664504332','MAAF');
INSERT INTO PATIENT VALUES (168,'Maiza','Rima','Cité brarma n 5-Sétif','0774208681','MGEN');
INSERT INTO PATIENT VALUES (171,'RAFFAOUI','Meriem','Rue MERIEM BOUATOURA SETIF','0557541887','MMA');
INSERT INTO PATIENT VALUES (172,'ZERARGA','Mustapha','Cité Hachemi D2 N° 18 Sétif','0551269045','CNAMTS');
INSERT INTO PATIENT VALUES (175,'OUCHERIT','Aissa','43, Rue Larbi Ben Mhidi – Oran','041406670','CCVRP');
INSERT INTO PATIENT VALUES (181,'GHRAIR','Mohamed','Cité Jeanne dArc Ecran B5-Gambetta – Oran','041531208','MNFTC');
INSERT INTO PATIENT VALUES (182,'MOUHTADI','Dalila','6, Bd Tripoli – Oran','041391640','MAS');
INSERT INTO PATIENT VALUES (184,'CHALAH','Younes','cité des 60logts bt D n° 48-Naciria-Boumerdes','024880106','AG2R');
INSERT INTO PATIENT VALUES (187,'HAMIDI','Mahfoud','BP 24 G Frantz Fanon-Boumerdes','0771500169','MGSP');
INSERT INTO PATIENT VALUES (188,'TITOUCHE','Mohamed','Cité des 50 logts. Sidi Daoud-Boumerdes','024891120','MNAM');
INSERT INTO PATIENT VALUES (190,'BARKAT','Boubeker','CITE MENTOURI N 71 BT AB SMK Constantine','031688561','LMDE');
INSERT INTO PATIENT VALUES (191,'DJAKANI','Mostafa','hai nasr-Tindouf','049934241','MNH');
INSERT INTO PATIENT VALUES (192,'HABABB','khadra','Cité lakssabi-Tindouf','049922543','MAAF');

INSERT INTO HOSPITALISATION VALUES (68,'CAR',101,1);
INSERT INTO HOSPITALISATION VALUES (72,'CAR',101,3); 
INSERT INTO HOSPITALISATION VALUES (74,'CAR',102,1); 
INSERT INTO HOSPITALISATION VALUES (76,'CAR',102,2); 
INSERT INTO HOSPITALISATION VALUES (77,'CAR',103,1);
INSERT INTO HOSPITALISATION VALUES (172,'CAR',104,1);
INSERT INTO HOSPITALISATION VALUES (182,'CAR',104,3);
INSERT INTO HOSPITALISATION VALUES (188,'CAR',105,2);
INSERT INTO HOSPITALISATION VALUES (192,'CAR',106,1);
INSERT INTO HOSPITALISATION VALUES (37,'CHG',201,1);
INSERT INTO HOSPITALISATION VALUES (41,'CHG',201,2);
INSERT INTO HOSPITALISATION VALUES (43,'CHG',201,3);
INSERT INTO HOSPITALISATION VALUES (46,'CHG',202,2);
INSERT INTO HOSPITALISATION VALUES (52,'CHG',202,3);
INSERT INTO HOSPITALISATION VALUES (55,'CHG',202,4);
INSERT INTO HOSPITALISATION VALUES (56,'CHG',301,1);
INSERT INTO HOSPITALISATION VALUES (61,'CHG',301,2);
INSERT INTO HOSPITALISATION VALUES (65,'CHG',302,1);
INSERT INTO HOSPITALISATION VALUES (66,'CHG',302,2);
INSERT INTO HOSPITALISATION VALUES (67,'CHG',303,1);
INSERT INTO HOSPITALISATION VALUES (120,'CHG',401,1);
INSERT INTO HOSPITALISATION VALUES (123,'CHG',401,4);
INSERT INTO HOSPITALISATION VALUES (137,'CHG',402,1);
INSERT INTO HOSPITALISATION VALUES (145,'CHG',402,2);
INSERT INTO HOSPITALISATION VALUES (147,'CHG',402,3);
INSERT INTO HOSPITALISATION VALUES (149,'CHG',403,1);
INSERT INTO HOSPITALISATION VALUES (154,'CHG',403,2);
INSERT INTO HOSPITALISATION VALUES (159,'CHG',404,2);
INSERT INTO HOSPITALISATION VALUES (167,'CHG',405,1);
INSERT INTO HOSPITALISATION VALUES (1,'REA',101,1);
INSERT INTO HOSPITALISATION VALUES (3,'REA',102,1);
INSERT INTO HOSPITALISATION VALUES (6,'REA',103,1);
INSERT INTO HOSPITALISATION VALUES (21,'REA',103,2);
INSERT INTO HOSPITALISATION VALUES (33,'REA',104,1);
INSERT INTO HOSPITALISATION VALUES (36,'REA',104,2);
INSERT INTO HOSPITALISATION VALUES (103,'REA',105,1);
INSERT INTO HOSPITALISATION VALUES (105,'REA',107,1);
INSERT INTO HOSPITALISATION VALUES (108,'REA',107,2);
INSERT INTO HOSPITALISATION VALUES (117,'REA',108,1);

INSERT INTO SOIGNE VALUES (79,4);
INSERT INTO SOIGNE VALUES (19,1);
INSERT INTO SOIGNE VALUES (85,1);
INSERT INTO SOIGNE VALUES (53,3);
INSERT INTO SOIGNE VALUES (85,3);
INSERT INTO SOIGNE VALUES (126,3);
INSERT INTO SOIGNE VALUES (34,6);
INSERT INTO SOIGNE VALUES (85,6);
INSERT INTO SOIGNE VALUES (114,6);
INSERT INTO SOIGNE VALUES (135,6);
INSERT INTO SOIGNE VALUES (4,13);
INSERT INTO SOIGNE VALUES (8,13);
INSERT INTO SOIGNE VALUES (114,13);
INSERT INTO SOIGNE VALUES (10,14);
INSERT INTO SOIGNE VALUES (19,21);
INSERT INTO SOIGNE VALUES (64,21);
INSERT INTO SOIGNE VALUES (135,21);
INSERT INTO SOIGNE VALUES (4,23);
INSERT INTO SOIGNE VALUES (8,23);
INSERT INTO SOIGNE VALUES (88,23);
INSERT INTO SOIGNE VALUES (53,33);
INSERT INTO SOIGNE VALUES (135,33);
INSERT INTO SOIGNE VALUES (8,35);
INSERT INTO SOIGNE VALUES (26,35);
INSERT INTO SOIGNE VALUES (114,36);
INSERT INTO SOIGNE VALUES (126,36);
INSERT INTO SOIGNE VALUES (135,36);
INSERT INTO SOIGNE VALUES (113,37);
INSERT INTO SOIGNE VALUES (88,41);
INSERT INTO SOIGNE VALUES (113,41);
INSERT INTO SOIGNE VALUES (126,41);
INSERT INTO SOIGNE VALUES (26,43);
INSERT INTO SOIGNE VALUES (85,43);
INSERT INTO SOIGNE VALUES (8,44);
INSERT INTO SOIGNE VALUES (113,44);
INSERT INTO SOIGNE VALUES (53,46);
INSERT INTO SOIGNE VALUES (85,46);
INSERT INTO SOIGNE VALUES (34,52);
INSERT INTO SOIGNE VALUES (85,52);
INSERT INTO SOIGNE VALUES (88,52);
INSERT INTO SOIGNE VALUES (19,55);
INSERT INTO SOIGNE VALUES (135,55);
INSERT INTO SOIGNE VALUES (88,56);
INSERT INTO SOIGNE VALUES (135,56);
INSERT INTO SOIGNE VALUES (53,60);
INSERT INTO SOIGNE VALUES (26,61);
INSERT INTO SOIGNE VALUES (34,61);
INSERT INTO SOIGNE VALUES (135,61);
INSERT INTO SOIGNE VALUES (4,63);
INSERT INTO SOIGNE VALUES (114,63);
INSERT INTO SOIGNE VALUES (34,65);
INSERT INTO SOIGNE VALUES (34,66);
INSERT INTO SOIGNE VALUES (113,67);
INSERT INTO SOIGNE VALUES (64,68);
INSERT INTO SOIGNE VALUES (88,68);
INSERT INTO SOIGNE VALUES (135,68);
INSERT INTO SOIGNE VALUES (53,70);
INSERT INTO SOIGNE VALUES (122,70);
INSERT INTO SOIGNE VALUES (10,72);
INSERT INTO SOIGNE VALUES (80,74);
INSERT INTO SOIGNE VALUES (126,74);
INSERT INTO SOIGNE VALUES (10,75);
INSERT INTO SOIGNE VALUES (10,76);
INSERT INTO SOIGNE VALUES (64,76);
INSERT INTO SOIGNE VALUES (80,76);
INSERT INTO SOIGNE VALUES (85,76);
INSERT INTO SOIGNE VALUES (88,77);
INSERT INTO SOIGNE VALUES (126,77);
INSERT INTO SOIGNE VALUES (4,78);
INSERT INTO SOIGNE VALUES (88,78);
INSERT INTO SOIGNE VALUES (26,79);
INSERT INTO SOIGNE VALUES (4,81);
INSERT INTO SOIGNE VALUES (113,81);
INSERT INTO SOIGNE VALUES (53,90);
INSERT INTO SOIGNE VALUES (114,91);
INSERT INTO SOIGNE VALUES (122,91);
INSERT INTO SOIGNE VALUES (10,92);
INSERT INTO SOIGNE VALUES (4,100);
INSERT INTO SOIGNE VALUES (88,100);
INSERT INTO SOIGNE VALUES (26,01);
INSERT INTO SOIGNE VALUES (113,102);
INSERT INTO SOIGNE VALUES (122,102);
INSERT INTO SOIGNE VALUES (31,103);
INSERT INTO SOIGNE VALUES (89,103);
INSERT INTO SOIGNE VALUES (180,103);
INSERT INTO SOIGNE VALUES (140,104);
INSERT INTO SOIGNE VALUES (141,105);
INSERT INTO SOIGNE VALUES (179,105);
INSERT INTO SOIGNE VALUES (180,105);
INSERT INTO SOIGNE VALUES (89,107);
INSERT INTO SOIGNE VALUES (141,107);
INSERT INTO SOIGNE VALUES (82,108);
INSERT INTO SOIGNE VALUES (99,108);
INSERT INTO SOIGNE VALUES (144,108);
INSERT INTO SOIGNE VALUES (196,108);
INSERT INTO SOIGNE VALUES (7,109);
INSERT INTO SOIGNE VALUES (82,117);
INSERT INTO SOIGNE VALUES (141,117);
INSERT INTO SOIGNE VALUES (179,117);
INSERT INTO SOIGNE VALUES (196,117);
INSERT INTO SOIGNE VALUES (7,119);
INSERT INTO SOIGNE VALUES (50,119);
INSERT INTO SOIGNE VALUES (144,119);
INSERT INTO SOIGNE VALUES (54,120);
INSERT INTO SOIGNE VALUES (144,120);
INSERT INTO SOIGNE VALUES (27,121);
INSERT INTO SOIGNE VALUES (89,123);
INSERT INTO SOIGNE VALUES (99,123);
INSERT INTO SOIGNE VALUES (152,123);
INSERT INTO SOIGNE VALUES (140,124);
INSERT INTO SOIGNE VALUES (27,128);
INSERT INTO SOIGNE VALUES (141,128);
INSERT INTO SOIGNE VALUES (7,133);
INSERT INTO SOIGNE VALUES (82,137);
INSERT INTO SOIGNE VALUES (89,137);
INSERT INTO SOIGNE VALUES (50,138);
INSERT INTO SOIGNE VALUES (24,145);
INSERT INTO SOIGNE VALUES (31,145);
INSERT INTO SOIGNE VALUES (144,145);
INSERT INTO SOIGNE VALUES (152,145);
INSERT INTO SOIGNE VALUES (27,146);
INSERT INTO SOIGNE VALUES (89,146);
INSERT INTO SOIGNE VALUES (24,147);
INSERT INTO SOIGNE VALUES (54,147);
INSERT INTO SOIGNE VALUES (89,147);
INSERT INTO SOIGNE VALUES (141,147);
INSERT INTO SOIGNE VALUES (140,148);
INSERT INTO SOIGNE VALUES (152,149);
INSERT INTO SOIGNE VALUES (141,153);
INSERT INTO SOIGNE VALUES (144,153);
INSERT INTO SOIGNE VALUES (144,154);
INSERT INTO SOIGNE VALUES (179,154);
INSERT INTO SOIGNE VALUES (7,158);
INSERT INTO SOIGNE VALUES (82,159);
INSERT INTO SOIGNE VALUES (144,159);
INSERT INTO SOIGNE VALUES (152,159);
INSERT INTO SOIGNE VALUES (196,159);
INSERT INTO SOIGNE VALUES (27,164);
INSERT INTO SOIGNE VALUES (50,164);
INSERT INTO SOIGNE VALUES (27,166);
INSERT INTO SOIGNE VALUES (152,167);
INSERT INTO SOIGNE VALUES (140,168);
INSERT INTO SOIGNE VALUES (50,171);
INSERT INTO SOIGNE VALUES (141,171);
INSERT INTO SOIGNE VALUES (99,172);
INSERT INTO SOIGNE VALUES (140,172);
INSERT INTO SOIGNE VALUES (180,172);
INSERT INTO SOIGNE VALUES (196,172);
INSERT INTO SOIGNE VALUES (7,175);
INSERT INTO SOIGNE VALUES (50,181);
INSERT INTO SOIGNE VALUES (144,181);
INSERT INTO SOIGNE VALUES (31,182);
INSERT INTO SOIGNE VALUES (89,182);
INSERT INTO SOIGNE VALUES (180,182);
INSERT INTO SOIGNE VALUES (27,184);
INSERT INTO SOIGNE VALUES (141,184);
INSERT INTO SOIGNE VALUES (144,184);
INSERT INTO SOIGNE VALUES (140,187);
INSERT INTO SOIGNE VALUES (140,188);
INSERT INTO SOIGNE VALUES (141,190);
INSERT INTO SOIGNE VALUES (7,191);
INSERT INTO SOIGNE VALUES (140,192);
INSERT INTO SOIGNE VALUES (144,192);
INSERT INTO SOIGNE VALUES (179,192);

